<?xml version="1.0" encoding="UTF-8"?>

<mule xmlns:tls="http://www.mulesoft.org/schema/mule/tls"
	xmlns:ee="http://www.mulesoft.org/schema/mule/ee/core" xmlns:os="http://www.mulesoft.org/schema/mule/os"
	xmlns:api-gateway="http://www.mulesoft.org/schema/mule/api-gateway"
	xmlns:ibm-mq="http://www.mulesoft.org/schema/mule/ibm-mq" xmlns:secure-properties="http://www.mulesoft.org/schema/mule/secure-properties" xmlns:http="http://www.mulesoft.org/schema/mule/http" xmlns="http://www.mulesoft.org/schema/mule/core" xmlns:doc="http://www.mulesoft.org/schema/mule/documentation" xmlns:xsi="http://www.w3.org/2001/XMLSchema-instance" xsi:schemaLocation="
http://www.mulesoft.org/schema/mule/ee/core http://www.mulesoft.org/schema/mule/ee/core/current/mule-ee.xsd http://www.mulesoft.org/schema/mule/core http://www.mulesoft.org/schema/mule/core/current/mule.xsd
http://www.mulesoft.org/schema/mule/http http://www.mulesoft.org/schema/mule/http/current/mule-http.xsd
http://www.mulesoft.org/schema/mule/secure-properties http://www.mulesoft.org/schema/mule/secure-properties/current/mule-secure-properties.xsd
http://www.mulesoft.org/schema/mule/ibm-mq http://www.mulesoft.org/schema/mule/ibm-mq/current/mule-ibm-mq.xsd
http://www.mulesoft.org/schema/mule/api-gateway http://www.mulesoft.org/schema/mule/api-gateway/current/mule-api-gateway.xsd
http://www.mulesoft.org/schema/mule/os http://www.mulesoft.org/schema/mule/os/current/mule-os.xsd
http://www.mulesoft.org/schema/mule/tls http://www.mulesoft.org/schema/mule/tls/current/mule-tls.xsd">
<ibm-mq:config name="IBM_MQ_Config" doc:name="IBM MQ Config" doc:id="80d0cc0a-91e1-4caa-b0a8-ff9bbf8762a4" >
		<ibm-mq:connection username="${ebo.mq.username}" password="${ebo.mq.password}" targetClient="NO_JMS_COMPLIANT" >
			<reconnection >
				<reconnect-forever frequency="20000"/>
			</reconnection>
			<ibm-mq:connection-mode >
				<ibm-mq:client host="${ebo.mq.host}" port="${ebo.mq.port}" queueManager="${ebo.mq.queuemanager}" channel="${ebo.mq.channel}" />
			</ibm-mq:connection-mode>
		</ibm-mq:connection>
	</ibm-mq:config>
	<global-property doc:name="Global Property" doc:id="f270189e-98ae-4b0e-a661-8b6d3095cb23" name="env" value="dev" />
	<configuration-properties doc:name="Configuration properties" doc:id="90ee1d91-6787-493d-9f97-254973688b20" file="./properties/sys-experian-${env}-config.yaml" />
	<!-- <api-gateway:autodiscovery apiId="${api.id}" doc:name="API Autodiscovery" doc:id="65a9be85-3c1d-481e-9b45-6797ec06d884" flowRef="customerbillingsystem-main" /> -->
	<import doc:name="pseg-commonservice-v1" doc:id="a4f28569-075a-465f-8cde-6e4a91a03ef8" file="pseg-commonservice-v1.xml" />
<import doc:name="standardAPIKitErrorHandling" doc:id="c54da45a-4da0-4729-8020-8bf778cea918" file="standardAPIKitErrorHandling.xml" />
	<configuration doc:name="Configuration" doc:id="6bb2a0af-e1e3-45f9-ad7d-575dfd454638" defaultErrorHandler-ref="myGlobalError_Handler" />
	<tls:context name="SYS_EBO_TLS_Context" doc:name="TLS Context" doc:id="3335c178-bbcf-46d3-aaf5-3b6201e468ca" >
		<tls:trust-store insecure="true" />
	</tls:context>
	<error-handler name="myGlobalError_Handler" doc:id="55da4a68-5ba3-4010-93f8-ea5881ad79f2" >
		<on-error-propagate enableNotifications="true" logException="true" doc:name="On WS Connectivity Propagate error" doc:id="2e288dcb-7354-4a0e-81b3-d7c3e688d116" when="#[error.errorType.namespace contains 'WSC']">
			<set-payload value="#[{
	errMsg: 'Error processed by myGlobal Error Handler &amp;gt; On WS Consumer Error Propagate scope',
	errDesc: error.description,
	errType: error.errorType.namespace as String default 'NO-NS' ++ ':' ++ error.errorType.identifier as String default 'NO-ID'
}]" doc:name="Set Payload" doc:id="a02a054a-f7b8-4b57-9a4e-ba006c4f5afb" />
			<logger level="INFO" doc:name="Logger" doc:id="821c614f-64ab-4e26-981d-54f48e02e96e" message='ERROR calling SOAP Webservice :: #[write(payload,"application/json") replace "\n" with "\n"] for transactionId :: #[vars.transactionId]'/>
			<ee:transform doc:name="Transform Message" doc:id="5ffb5fab-3bc3-47fc-9fa5-c7ff635cc6b9" >
				<ee:message >
					<ee:set-payload ><![CDATA[%dw 2.0
output application/json
---
payload]]></ee:set-payload>
				</ee:message>
				<ee:variables >
					<ee:set-variable variableName="processName" ><![CDATA[%dw 2.0
output application/java
---
('${application.short.name}' ++ '::'++  'myGlobalError_Handler::On WS Connectivity Propagate error' ++ '::Error') as String]]></ee:set-variable>
					<ee:set-variable variableName="applicationName" ><![CDATA[%dw 2.0
output application/java
---
'${application.name}']]></ee:set-variable>
					<ee:set-variable variableName="eventSeverity" ><![CDATA[%dw 2.0
output application/java
---
'ERROR']]></ee:set-variable>
					<ee:set-variable variableName="excepCode" ><![CDATA[%dw 2.0
output application/java
---
error.errorType.namespace as String default 'NO-NS' ++ ':' ++ error.errorType.identifier as String default 'NO-ID'
	
]]></ee:set-variable>
					<ee:set-variable variableName="excepDesc" ><![CDATA[%dw 2.0
output application/java
---
error.description]]></ee:set-variable>
					<ee:set-variable variableName="pld" ><![CDATA[%dw 2.0
output application/json
---
payload]]></ee:set-variable>
					<ee:set-variable variableName="isNotify" ><![CDATA[%dw 2.0
output application/java
---
'${application.isnotify}']]></ee:set-variable>
				</ee:variables>
			</ee:transform>
			<async doc:name="Async" doc:id="e915e15c-e0da-4c3f-bfd6-75064cfbeb1a" >
				<flow-ref doc:name="exception-subflow" doc:id="62127a42-5b72-427a-b9e1-1267a01d93af" name="exception-subflow"/>
			</async>
		</on-error-propagate>
		<on-error-propagate enableNotifications="true" logException="true" doc:name="On ALL OTHER Error Propagate" doc:id="bca36c44-dbbd-41c4-9dfa-b6ebd5b84272" >
			<set-payload value="#[{
	errMsg: 'Error processed by myGlobal Error Handler &amp;gt; On ALL Other Error Propagate scope',
	errDesc: error.description,
	errType: error.errorType.namespace as String default 'NO-NS' ++ ':' ++ error.errorType.identifier as String default 'NO-ID'
}]" doc:name="Set Payload" doc:id="6132e7f2-36f0-4929-934e-8fd42b2c98ce" />
			<logger level="INFO" doc:name="Logger" doc:id="5b2eb112-0793-4679-9cc8-b430ced7ffd3" message='ERROR UNHANDLED :: #[write(payload,"application/json") replace "\n" with "\n"] for transactionId :: #[vars.transactionId]'/>
			<ee:transform doc:name="Transform Message" doc:id="62f74482-61a7-4d1b-8ed8-9bfde3758bc4" >
				<ee:message >
					<ee:set-payload ><![CDATA[%dw 2.0
output application/json
---
payload]]></ee:set-payload>
				</ee:message>
				<ee:variables >
					<ee:set-variable variableName="processName" ><![CDATA[%dw 2.0
output application/java
---
('${application.short.name}' ++ '::'++  'myGlobalError_Handler::On ALL OTHER Error Propagate' ++ '::Error') as String]]></ee:set-variable>
					<ee:set-variable variableName="applicationName" ><![CDATA[%dw 2.0
output application/java
---
'${application.name}']]></ee:set-variable>
					<ee:set-variable variableName="eventSeverity" ><![CDATA[%dw 2.0
output application/java
---
'ERROR']]></ee:set-variable>
					<ee:set-variable variableName="excepCode" ><![CDATA[%dw 2.0
output application/java
---
error.errorType.namespace as String default 'NO-NS' ++ ':' ++ error.errorType.identifier as String default 'NO-ID'
	
]]></ee:set-variable>
					<ee:set-variable variableName="excepDesc" ><![CDATA[%dw 2.0
output application/java
---
error.description]]></ee:set-variable>
					<ee:set-variable variableName="pld" ><![CDATA[%dw 2.0
output application/json
---
payload]]></ee:set-variable>
					<ee:set-variable variableName="isNotify" ><![CDATA[%dw 2.0
output application/java
---
'${application.isnotify}']]></ee:set-variable>
				</ee:variables>
			</ee:transform>
			<async doc:name="Async" doc:id="3abf19b4-466c-4c3a-aae8-66ea126189e4" >
				<flow-ref doc:name="exception-subflow" doc:id="894cd11f-7982-44fe-a4aa-5572dbebcc66" name="exception-subflow" />
			</async>
		</on-error-propagate>
	</error-handler>


</mule>
