<?xml version="1.0" encoding="UTF-8"?>

<mule xmlns:ee="http://www.mulesoft.org/schema/mule/ee/core" 
    xmlns:os="http://www.mulesoft.org/schema/mule/os" 
    xmlns:http="http://www.mulesoft.org/schema/mule/http" 
    xmlns="http://www.mulesoft.org/schema/mule/core" 
    xmlns:doc="http://www.mulesoft.org/schema/mule/documentation" 
    xmlns:xsi="http://www.w3.org/2001/XMLSchema-instance" xsi:schemaLocation="
http://www.mulesoft.org/schema/mule/ee/core http://www.mulesoft.org/schema/mule/ee/core/current/mule-ee.xsd http://www.mulesoft.org/schema/mule/core http://www.mulesoft.org/schema/mule/core/current/mule.xsd
http://www.mulesoft.org/schema/mule/http http://www.mulesoft.org/schema/mule/http/current/mule-http.xsd
http://www.mulesoft.org/schema/mule/os http://www.mulesoft.org/schema/mule/os/current/mule-os.xsd">
    <flow name="loadBalancerProcess" doc:id="f48e63a5-6955-498d-9400-530c56642413">
        <os:contains doc:name="Contains 'EBOCounter'" doc:id="139d10f7-bd54-416d-a3ce-1a1c1c326a0e" key="#['EBOCounter']" objectStore="Object_store" target="IsEBOCounterExists"/>
        <choice doc:name="Choice" doc:id="2f1c94cf-ec6b-4881-8e27-828b5f61fec6">
            <when expression="#[vars.IsEBOCounterExists ==true]">
                <os:retrieve doc:name="Retrieve 'EBOCounter'" doc:id="09eef33c-1703-465c-bc8d-f335de44b5fa" key="#['EBOCounter']" objectStore="Object_store" target="EBOCounter"/>
                <set-variable value="#['EBO_WEBSERVICE_MLSREQ' ++ (vars.EBOCounter as String) ++ '_LQ']" doc:name="EBORequestQ" doc:id="8b3d6c52-05a6-42c5-85d4-d09447c7306d" variableName="EBORequestQ"/>
                <set-variable value="#['EBO_WEBSERVICE_MLSRPLY' ++ (vars.EBOCounter as String) ++ '_LQ']" doc:name="EBOResponseQ" doc:id="41ab2951-b914-47e5-a5df-0bdb520a44a6" variableName="EBOResponseQ"/>
                <logger level="INFO" doc:name="Logger" doc:id="fc486871-3c37-454f-91a1-c6869208d621" message="EBO ReqQ :: #[vars.EBORequestQ] ResQ :: #[vars.EBOResponseQ] for transactionId :: #[vars.transactionId]"/>
                <choice doc:name="Choice" doc:id="a3e08da0-9349-464c-af6c-3ec60854de38">
                    <when expression="#[vars.EBOCounter &gt;= 3]">
                        <set-variable value="1" doc:name="EBOCounter" doc:id="0fa74a68-4802-4036-919b-ceed0b0f1861" variableName="EBOCounter"/>
                    </when>
                    <otherwise >
                        <set-variable value="#[(vars.EBOCounter as Number) + 1]" doc:name="EBOCounter" doc:id="3a67bc62-d945-4657-8195-65654c276f94" variableName="EBOCounter"/>
                    </otherwise>
                </choice>
                <os:store doc:name="'EBOCounter' Store" doc:id="0ea36c9a-2327-4faa-a40c-abd77de1feb5" key="#['EBOCounter']" objectStore="Object_store">
                    <os:value ><![CDATA[#[vars.EBOCounter]]]></os:value>
                </os:store>
            </when>
            <otherwise >
                <set-variable value="1" doc:name="EBOCounter" doc:id="cedb6789-56fb-4f71-88ed-3e557defd23e" variableName="EBOCounter"/>
                <set-variable value="#['EBO_WEBSERVICE_MLSREQ' ++ (vars.EBOCounter as String) ++ '_LQ']" doc:name="EBORequestQ" doc:id="270006ef-b533-4d1f-a248-d29c7cb953cc" variableName="EBORequestQ" />
                <set-variable value="#['EBO_WEBSERVICE_MLSRPLY' ++ (vars.EBOCounter as String) ++ '_LQ']" doc:name="EBOResponseQ" doc:id="b76afd60-a89b-4b0b-8486-b8c58042f97c" variableName="EBOResponseQ" />
                <logger level="INFO" doc:name="Logger" doc:id="ab26e78b-f69c-4fbf-8895-cd7d9e47ccf8" message="EBO ReqQ :: #[vars.EBORequestQ] ResQ :: #[vars.EBOResponseQ]  for transactionId :: #[vars.transactionId]" />
                <os:store doc:name="'EBOCounter' Store" doc:id="93617fe6-8fac-4196-8e2f-d8e22a4a4581" key="#['EBOCounter']" objectStore="Object_store">
                    <os:value ><![CDATA[#[vars.EBOCounter]]]></os:value>
                </os:store>
            </otherwise>
        </choice>
        <error-handler >
            <on-error-continue enableNotifications="true" logException="true" doc:name="On Error Continue - SERVICE UNAVAILABLE" doc:id="f8f5bd14-e85e-464f-8ab2-f115ebe394bc" type="HTTP:CONNECTIVITY, HTTP:METHOD_NOT_ALLOWED">
                <set-payload value="#[{
    errMsg: 'SERVICE DOWN...TRY LATER.  Error processed by loadBalancerProcess flow Error Handler &amp;gt; On HTTP CONNECTIVITY Error Continue scope',
    errDesc: error.description, 
    errType: error.errorType.namespace as String default 'NO-NS' ++ ':' ++ error.errorType.identifier as String default 'NO-ID'
}]" doc:name="Set Payload" doc:id="71a7a4c6-4fa5-4709-a7eb-dd2461b37375" />
                <logger level="INFO" doc:name="Logger" doc:id="76a8dca3-00ae-4129-9056-ff082e490c63" message="On Error Continue - SERVICE UNAVAILABLE :: #[payload] for transactionId :: #[vars.transactionId]"/>
                <set-variable value="503" doc:name="httpStatus = 503" doc:id="a8c6a8d6-3c64-48bb-a9b1-08f864e62b27" variableName="httpStatus"/>
                <ee:transform doc:name="Transform Message" doc:id="ff7202ce-6d02-469a-92b6-75dba7a0801d">
                    <ee:message >
                        <ee:set-payload ><![CDATA[%dw 2.0
output application/json
---
payload]]></ee:set-payload>
                    </ee:message>
                    <ee:variables >
                        <ee:set-variable variableName="processName"><![CDATA[%dw 2.0
output application/java
---
('${application.short.name}' ++ '::'++  'loadBalancerProcess::HTTP:CONNECTIVITY, HTTP:METHOD_NOT_ALLOWED::Continue error' ++ '::Error') as String]]></ee:set-variable>
                        <ee:set-variable variableName="applicationName"><![CDATA[%dw 2.0
output application/java
---
'${application.name}']]></ee:set-variable>
                        <ee:set-variable variableName="eventSeverity"><![CDATA[%dw 2.0
output application/java
---
'ERROR']]></ee:set-variable>
                        <ee:set-variable variableName="excepCode"><![CDATA[%dw 2.0
output application/java
---
error.errorType.namespace as String default 'NO-NS' ++ ':' ++ error.errorType.identifier as String default 'NO-ID'
	
]]>                        </ee:set-variable>
                        <ee:set-variable variableName="excepDesc"><![CDATA[%dw 2.0
output application/java
---
error.description]]></ee:set-variable>
                        <ee:set-variable variableName="pld"><![CDATA[%dw 2.0
output application/json
---
payload]]></ee:set-variable>
                        <ee:set-variable variableName="isNotify"><![CDATA[%dw 2.0
output application/java
---
'${application.isnotify}']]></ee:set-variable>
                    </ee:variables>
                </ee:transform>
                <async doc:name="Async" doc:id="73cc61bb-f333-4ccb-b069-c79e86a02d96">
                    <flow-ref doc:name="exception-subflow" doc:id="cb9e6c24-6b15-4a2b-9638-1980ef1d6c66" name="exception-subflow"/>
                </async>
            </on-error-continue>
            <on-error-continue enableNotifications="true" logException="true" doc:name="On Error Continue - ALL OTHER ERROR" doc:id="291b2d80-b54e-44a7-9f3a-c125dbb47f90">
                <set-payload value="#[{
    errMsg: 'Error processed by loadBalancerProcess flow Error Handler &gt; On ALL OTHER Error Continue scope',
    errDesc: error.description, 
    errType: error.errorType.namespace as String default 'NO-NS' ++ ':' ++ error.errorType.identifier as String default 'NO-ID'
}]" doc:name="Set Payload" doc:id="5c575235-7423-44b5-afb5-0230574b4c6f" />
                <logger level="INFO" doc:name="Logger" doc:id="4c90fa17-7d18-4156-989e-157b73f4e2c8" message="On Error Continue - ALL OTHER ERROR :: #[payload] for transactionId :: #[vars.transactionId]"/>
                <set-variable value="418" doc:name="httpStatus = 418" doc:id="1f4cbfba-cf1f-4452-9ede-e184fccb6e75" variableName="httpStatus"/>
                <ee:transform doc:name="Transform Message" doc:id="825aa1e9-d0aa-432a-9f20-20919b1dc4b5">
                    <ee:message >
                        <ee:set-payload ><![CDATA[%dw 2.0
output application/json
---
payload]]></ee:set-payload>
                    </ee:message>
                    <ee:variables >
                        <ee:set-variable variableName="processName"><![CDATA[%dw 2.0
output application/java
---
('${application.short.name}' ++ '::'++  'loadBalancerProcess::On Error Continue - ALL OTHER ERROR::Continue error' ++ '::Error') as String]]></ee:set-variable>
                        <ee:set-variable variableName="applicationName"><![CDATA[%dw 2.0
output application/java
---
'${application.name}']]></ee:set-variable>
                        <ee:set-variable variableName="eventSeverity"><![CDATA[%dw 2.0
output application/java
---
'ERROR']]></ee:set-variable>
                        <ee:set-variable variableName="excepCode"><![CDATA[%dw 2.0
output application/java
---
error.errorType.namespace as String default 'NO-NS' ++ ':' ++ error.errorType.identifier as String default 'NO-ID'
	
]]>                        </ee:set-variable>
                        <ee:set-variable variableName="excepDesc"><![CDATA[%dw 2.0
output application/java
---
error.description]]></ee:set-variable>
                        <ee:set-variable variableName="pld"><![CDATA[%dw 2.0
output application/json
---
payload]]></ee:set-variable>
                        <ee:set-variable variableName="isNotify"><![CDATA[%dw 2.0
output application/java
---
'${application.isnotify}']]></ee:set-variable>
                    </ee:variables>
                </ee:transform>
                <async doc:name="Async" doc:id="7aa603d9-b529-4d17-b6a1-266ea3fe222b">
                    <flow-ref doc:name="exception-subflow" doc:id="9b015a39-a0b8-46cb-b2d9-1dc39be1f3ea" name="exception-subflow"/>
                </async>
            </on-error-continue>
        </error-handler>
    </flow>

</mule>