<?xml version="1.0" encoding="UTF-8"?>

<mule xmlns:http="http://www.mulesoft.org/schema/mule/http"
	xmlns:ibm-mq="http://www.mulesoft.org/schema/mule/ibm-mq"
	xmlns:ee="http://www.mulesoft.org/schema/mule/ee/core"
	xmlns="http://www.mulesoft.org/schema/mule/core"
	xmlns:doc="http://www.mulesoft.org/schema/mule/documentation" xmlns:xsi="http://www.w3.org/2001/XMLSchema-instance" xsi:schemaLocation="
http://www.mulesoft.org/schema/mule/ee/core http://www.mulesoft.org/schema/mule/ee/core/current/mule-ee.xsd http://www.mulesoft.org/schema/mule/core http://www.mulesoft.org/schema/mule/core/current/mule.xsd
http://www.mulesoft.org/schema/mule/ibm-mq http://www.mulesoft.org/schema/mule/ibm-mq/current/mule-ibm-mq.xsd
http://www.mulesoft.org/schema/mule/http http://www.mulesoft.org/schema/mule/http/current/mule-http.xsd">

	<http:request-config name="HTTP_Request_configuration" doc:name="HTTP Request configuration" doc:id="1d01a056-1019-440a-9190-2fa6399cba59" >
		<http:request-connection host="${experian.netConnect.http.host}" port="${experian.netConnect.http.port}" />
	</http:request-config>
	<flow name="validateContactFlow"
		doc:id="4a1b9517-bf09-4249-88c3-4d026d5b41c6">

		<logger level="INFO" doc:name="Start of Flow Logger"
			doc:id="a7d4d30c-e641-4b37-a9e6-aa96f054f0af"
			message="Entered Flow #[flow.name] for  transactionID :: #[vars.transactionId] " />
		<ee:transform doc:name="Transform Message" doc:id="66770646-1e47-44be-80df-fa6046b6a8b8" >
			<ee:message >
				<ee:set-payload ><![CDATA[%dw 2.0
output application/xml
ns ns0 http://www.experian.com/WebDelivery
---
{
	ns0#Request @(version: payload.NetConnectRequest.Request.NetConnectRequestversion as Number): {
		ns0#Products: {
			ns0#CustomSolution: {
				ns0#Subscriber: {
					ns0#Preamble: payload.NetConnectRequest.Request.Products.CustomSolution.Subscriber.Preamble,
					ns0#OpInitials: payload.NetConnectRequest.Request.Products.CustomSolution.Subscriber.OpInitials as Number,
					ns0#SubCode: payload.NetConnectRequest.Request.Products.CustomSolution.Subscriber.SubCode as Number
				},
				ns0#PrimaryApplicant: {
					ns0#Name: {
						ns0#Surname: payload.NetConnectRequest.Request.Products.CustomSolution.PrimaryApplicant.Name.Surname,
						ns0#First: payload.NetConnectRequest.Request.Products.CustomSolution.PrimaryApplicant.Name.First
					},
					ns0#SSN: payload.NetConnectRequest.Request.Products.CustomSolution.PrimaryApplicant.SSN as Number,
					ns0#CurrentAddress: {
						ns0#Street: payload.NetConnectRequest.Request.Products.CustomSolution.PrimaryApplicant.CurrentAddress.Street,
						ns0#City: payload.NetConnectRequest.Request.Products.CustomSolution.PrimaryApplicant.CurrentAddress.City,
						ns0#State: payload.NetConnectRequest.Request.Products.CustomSolution.PrimaryApplicant.CurrentAddress.State,
						ns0#Zip: payload.NetConnectRequest.Request.Products.CustomSolution.PrimaryApplicant.CurrentAddress.Zip as Number
					},
					ns0#PreviousAddress: {
						ns0#Street: payload.NetConnectRequest.Request.Products.CustomSolution.PrimaryApplicant.PreviousAddress.Street,
						ns0#City: payload.NetConnectRequest.Request.Products.CustomSolution.PrimaryApplicant.PreviousAddress.City,
						ns0#State: payload.NetConnectRequest.Request.Products.CustomSolution.PrimaryApplicant.PreviousAddress.State,
						ns0#Zip: payload.NetConnectRequest.Request.Products.CustomSolution.PrimaryApplicant.PreviousAddress.Zip
					}
				},
				ns0#AddOns: {
					ns0#CustomRRDashKeyword: payload.NetConnectRequest.Request.Products.CustomSolution.AddOns.CustomRRDashKeyword
				},
				ns0#OutputType: {
					ns0#ARF: {
						ns0#ARFVersion: payload.NetConnectRequest.Request.Products.CustomSolution.OutputType.ARF.ARFVersion as Number
					}
				},
				ns0#Vendor: ({
					ns0#VendorNumber: payload.NetConnectRequest.Request.Products.CustomSolution.Vendor.VendorNumber
				} default "") ++ payload.NetConnectRequest.Request.NetConnectRequestversion,
				ns0#Options: {
					ns0#ReferenceNumber: payload.NetConnectRequest.Request.Products.CustomSolution.Options.ReferenceNumber as Number
				}
			}
		}
	}
}]]></ee:set-payload>
			</ee:message>
		</ee:transform>
		<set-variable
			value="#[output application/java --- write(payload, 'application/xml')]"
			doc:name="pld" doc:id="fa49f093-d6dc-4eca-9027-733ced6a4bfc"
			variableName="pld" />
		<set-variable
			value="#[('${application.short.name}' ++ '::'++  'updateProfileEbo-impl' ++ '::Request') as String]"
			doc:name="processName" doc:id="d47e1aa9-2f0d-4ce0-9881-d2fee130aa14"
			variableName="processName" />
		<logger level="INFO" doc:name="Payload before Publish"
			doc:id="9aca517d-8e15-4da3-860d-815401a9aced"
			message="Payload before Publish:: #[payload] for transactionId :: #[vars.transactionId]" />
		<http:request method="POST" doc:name="get_access_token" doc:id="463a0a37-5773-480d-b8e2-1440318c0fdc" config-ref="HTTP_Request_configuration" path="${experian.netConnect.http.path.token}" target="accessToken">
			<http:body ><![CDATA[#[output application/json
---
{
	"username": p('experian.netConnect.http.userName'),
	"password": p('experian.netConnect.http.password'),
	"client_id": p('experian.netConnect.http.clientId'),
	"client_secret": p('experian.netConnect.http.clientSecret')
}]]]></http:body>
		</http:request>
		<http:request method="POST" doc:name="trigger_experian_netConnect" doc:id="14fbc3ae-671c-45a8-a914-fcc367d8e2b8" config-ref="HTTP_Request_configuration" path="${experian.netConnect.http.path.validateContact}">
			<http:headers ><![CDATA[#[output application/java
---
{
	authorization : "Bearer " ++ vars.accessToken.access_token
}]]]></http:headers>
			<http:query-params ><![CDATA[#[output application/java
---
{
	serviceVersion : "2.0",
	responseType : "text/plain",
	lookupServiceVersion : "1.0",
	lookupServiceName : "AccessPoint",
	serviceName : "NetConnectDemo"
}]]]></http:query-params>
		</http:request>
		<set-variable value="#[payload]" doc:name="Set Variable" doc:id="4269bc8b-7b69-4c5b-8614-f5c1f023c208" variableName="originalPayload"/>
		<set-payload value="#[output text/plain --- payload.NetConnectResponse.HostResponse]" doc:name="Set Payload" doc:id="31103a8f-1a8a-4cd9-9c3d-1909464e825b" mimeType='application/flatfile; recordparsing=noTerminator; schemapath="/schema/experianResFFD.ffd"'/>
		<ee:transform doc:name="Transform Message" doc:id="b5cbdb26-9803-4de5-adee-b7fce6e002e2" >
			<ee:message >
				<ee:set-payload ><![CDATA[%dw 2.0
input payload application/flatfile schema = "/schema/experianResFFD.ffd"
output application/json
---
{
	extraDataSegment: {
		extraData: payload.extraDataSegment.extraData
	},
	connectCheck: {
		recordId: payload.connectCheck.recordId,
		recordLength: payload.connectCheck.recordLength,
		inputType: payload.connectCheck.inputType,
		idMatchCondition: payload.connectCheck.idMatchCondition,
		reserved: payload.connectCheck.reserved,
		creditClassCode: payload.connectCheck.creditClassCode,
		highRiskAddresAlert: payload.connectCheck.highRiskAddresAlert,
		additionalNamesAndAddresesForIdMatchConditionC: payload.connectCheck.additionalNamesAndAddresesForIdMatchConditionC,
		additionalNamesAndAddresesForIdMatchConditionD: payload.connectCheck.additionalNamesAndAddresesForIdMatchConditionD,
		additionalNamesAndAddresesForIdMatchConditionE: payload.connectCheck.additionalNamesAndAddresesForIdMatchConditionE,
		score: payload.connectCheck.score,
		fullCreditReportDescription: payload.connectCheck.fullCreditReportDescription,
		publicRecordAlertBankruptcy: payload.connectCheck.publicRecordAlertBankruptcy,
		publicRecordAlertJudgment: payload.connectCheck.publicRecordAlertJudgment,
		publicRecordAlerttaxLien: payload.connectCheck.publicRecordAlerttaxLien,
		publicRecordAlertBankruptcyDismissed: payload.connectCheck.publicRecordAlertBankruptcyDismissed,
		publicRecordAlertJudgmentSatisfied: payload.connectCheck.publicRecordAlertJudgmentSatisfied,
		publicRecordAlerttaxLienReleased: payload.connectCheck.publicRecordAlerttaxLienReleased,
		lengthOfOriginalInputName: payload.connectCheck.lengthOfOriginalInputName,
		originalInputNameText: payload.connectCheck.originalInputNameText,
		lengthOfCustomerMessage: payload.connectCheck.lengthOfCustomerMessage,
		customerMessage: payload.connectCheck.customerMessage,
		endOfSegmentMark: payload.connectCheck.endOfSegmentMark
	},
	encryptedPin: {
		recordId: payload.encryptedPin.recordId,
		recordLenght: payload.encryptedPin.recordLenght,
		encryptedPin: payload.encryptedPin.encryptedPin,
		checksum: payload.encryptedPin.checksum,
		verificationIndicator: payload.encryptedPin.verificationIndicator,
		reversedForFutureUse: payload.encryptedPin.reversedForFutureUse,
		endOfSegmentMark: payload.encryptedPin.endOfSegmentMark
	},
	errorMessage: {
		recordId: payload.errorMessage.recordId,
		recordLength: payload.errorMessage.recordLength,
		errorCode: payload.errorMessage.errorCode,
		actionIndicator: payload.errorMessage.actionIndicator,
		moduleIdent: payload.errorMessage.moduleIdent
	},
	socialSecurityNumber: {
		recordId: payload.socialSecurityNumber.recordId,
		recordLength: payload.socialSecurityNumber.recordLength,
		ssnVerificationIndicator: payload.socialSecurityNumber.ssnVerificationIndicator,
		socialSecurityNumber: payload.socialSecurityNumber.socialSecurityNumber,
		socialSecurityNumberMatchSubsegmentId: payload.socialSecurityNumber.socialSecurityNumberMatchSubsegmentId,
		socialSecurityNumberMatchSubsegmentLength: payload.socialSecurityNumber.socialSecurityNumberMatchSubsegmentLength,
		nineSSNMatchIndicators: payload.socialSecurityNumber.nineSSNMatchIndicators,
		endOfSegmentMark: payload.socialSecurityNumber.endOfSegmentMark
	}
}]]></ee:set-payload>
			</ee:message>
		</ee:transform>
		<ee:transform doc:name="Transform Message" doc:id="c0d79e03-1a50-46d1-b5ae-8565c2726c0b" >
			<ee:message >
				<ee:set-payload ><![CDATA[%dw 2.0
output application/json

---
{
	NetConnectResponse: {
		CompletionCode: if ( vars.originalPayload.NetConnectResponse.CompletionCode == "0000" and payload.succesMessage == null ) "0000" else 
		if ( vars.originalPayload.NetConnectResponse.CompletionCode == "0000" and payload.succesMessage != null ) payload.successMessage.errorCode else payload.errorMessage.errorCode,
		ReferenceId: vars.originalPayload.NetConnectResponse.ReferenceId,
		pinCID: payload.encryptedPin.encryptedPin,
		pinCIDcheck: payload.encryptedPin.checksum,
		ssnMatch: if ( payload.socialSecurityNumber.ssnVerificationIndicator == " " ) 'Y' else if ( payload.socialSecurityNumber.ssnVerificationIndicator == "*" ) "N" else "",
		errorMessage: payload.errorMessage.errorCode
	}
}]]></ee:set-payload>
			</ee:message>
		</ee:transform>
		<set-variable
			value="#[output application/java --- write(payload, 'application/xml')]"
			doc:name="pld" doc:id="6fbde2d9-24a1-4dbf-a549-459e848c359e"
			variableName="pld" />
		<set-variable
			value="#[('${application.short.name}' ++ '::'++  'updateProfileEbo-impl' ++ '::Response') as String]"
			doc:name="processName" doc:id="ec71af96-d93e-4418-8f4a-9270e0365695"
			variableName="processName" />
		<logger level="INFO" doc:name="End Flow Logger"
			doc:id="1c95dc1f-f099-45fe-bd76-4b90513ab5fc"
			message="Completed flow #[flow.name] for transactionId :: #[vars.transactionId]" />
		<error-handler>
			<on-error-continue enableNotifications="true"
				logException="true"
				doc:name="On Error Continue - SERVICE UNAVAILABLE"
				doc:id="965df2ae-916d-4a25-b69f-f1013036ee9a"
				type="HTTP:CONNECTIVITY, HTTP:METHOD_NOT_ALLOWED">
				<set-payload
					value="#[{
    errMsg: 'SERVICE DOWN...TRY LATER.  Error processed by recurringRollment-impl flow Error Handler &amp;gt; On HTTP CONNECTIVITY Error Continue scope',
    errDesc: error.description, 
    errType: error.errorType.namespace as String default 'NO-NS' ++ ':' ++ error.errorType.identifier as String default 'NO-ID'
}]"
					doc:name="Set Payload"
					doc:id="2ab8ff04-121b-41b4-a771-5fe9e7105076" />
				<logger level="INFO" doc:name="Logger"
					doc:id="ad790642-f555-4cc2-8eaa-f5764f5225d0"
					message="On Error Continue - SERVICE UNAVAILABLE :: #[payload] for transactionId :: #[vars.transactionId]" />
				<set-variable value="503" doc:name="httpStatus = 503"
					doc:id="4f0be2f3-e687-4800-82ba-1a76f42d9d1f"
					variableName="httpStatus" />
				<ee:transform doc:name="Transform Message"
					doc:id="47879135-6509-4027-a0cc-d77130de6d62">
					<ee:message>
						<ee:set-payload><![CDATA[%dw 2.0
output application/json
---
payload]]></ee:set-payload>
					</ee:message>
					<ee:variables>
						<ee:set-variable variableName="processName"><![CDATA[%dw 2.0
output application/java
---
('${application.short.name}' ++ '::'++  'updateProfileEbo-impl::HTTP:CONNECTIVITY, HTTP:METHOD_NOT_ALLOWED::Continue error' ++ '::Error') as String]]></ee:set-variable>
						<ee:set-variable variableName="applicationName"><![CDATA[%dw 2.0
output application/java
---
'${application.name}']]></ee:set-variable>
						<ee:set-variable variableName="eventSeverity"><![CDATA[%dw 2.0
output application/java
---
'ERROR']]></ee:set-variable>
						<ee:set-variable variableName="excepCode"><![CDATA[%dw 2.0
output application/java
---
error.errorType.namespace as String default 'NO-NS' ++ ':' ++ error.errorType.identifier as String default 'NO-ID'
	
]]></ee:set-variable>
						<ee:set-variable variableName="excepDesc"><![CDATA[%dw 2.0
output application/java
---
error.description]]></ee:set-variable>
						<ee:set-variable variableName="pld"><![CDATA[%dw 2.0
output application/json
---
payload]]></ee:set-variable>
						<ee:set-variable variableName="isNotify"><![CDATA[%dw 2.0
output application/java
---
'${application.isnotify}']]></ee:set-variable>
					</ee:variables>
				</ee:transform>
				<async doc:name="Async"
					doc:id="5d47d8a3-fedc-4e31-a7fa-42d62be1b588">
					<flow-ref doc:name="exception-subflow"
						doc:id="36645d1b-66be-4d24-9625-65fe20cf4531"
						name="exception-subflow" />
				</async>
			</on-error-continue>
			<on-error-continue enableNotifications="true"
				logException="true" doc:name="On Error Continue - ALL OTHER ERROR"
				doc:id="d6793202-da7a-415e-a4de-29c284bb631b">
				<set-payload
					value="#[{
    errMsg: 'Error processed by recurringRollment-impl flow Error Handler &gt; On ALL OTHER Error Continue scope',
    errDesc: error.description, 
    errType: error.errorType.namespace as String default 'NO-NS' ++ ':' ++ error.errorType.identifier as String default 'NO-ID'
}]"
					doc:name="Set Payload"
					doc:id="e1d50e94-23e4-43ae-bfa7-bc6a476641ea" />
				<logger level="INFO" doc:name="Logger"
					doc:id="11f1e0c0-ee7d-4f1f-81fb-26bc1cd13e04"
					message="On Error Continue - ALL OTHER ERROR :: #[payload] for transactionId :: #[vars.transactionId]" />
				<set-variable value="418" doc:name="httpStatus = 418"
					doc:id="435de97b-fdf3-4446-b162-23c171334b7d"
					variableName="httpStatus" />
				<ee:transform doc:name="Transform Message"
					doc:id="511d3c1e-b68d-4fb5-88cd-f60bed92a219">
					<ee:message>
						<ee:set-payload><![CDATA[%dw 2.0
output application/json
---
payload]]></ee:set-payload>
					</ee:message>
					<ee:variables>
						<ee:set-variable variableName="processName"><![CDATA[%dw 2.0
output application/java
---
('${application.short.name}' ++ '::'++  'updateProfileEbo-impl::On Error Continue - ALL OTHER ERROR::Continue error' ++ '::Error') as String]]></ee:set-variable>
						<ee:set-variable variableName="applicationName"><![CDATA[%dw 2.0
output application/java
---
'${application.name}']]></ee:set-variable>
						<ee:set-variable variableName="eventSeverity"><![CDATA[%dw 2.0
output application/java
---
'ERROR']]></ee:set-variable>
						<ee:set-variable variableName="excepCode"><![CDATA[%dw 2.0
output application/java
---
error.errorType.namespace as String default 'NO-NS' ++ ':' ++ error.errorType.identifier as String default 'NO-ID'
	
]]></ee:set-variable>
						<ee:set-variable variableName="excepDesc"><![CDATA[%dw 2.0
output application/java
---
error.description]]></ee:set-variable>
						<ee:set-variable variableName="pld"><![CDATA[%dw 2.0
output application/json
---
payload]]></ee:set-variable>
						<ee:set-variable variableName="isNotify"><![CDATA[%dw 2.0
output application/java
---
'${application.isnotify}']]></ee:set-variable>
					</ee:variables>
				</ee:transform>
				<async doc:name="Async"
					doc:id="5075ac03-8281-49d4-98c9-fe4ccad3e0e7">
					<flow-ref doc:name="exception-subflow"
						doc:id="7e006be5-8506-4c6e-8ab6-83f7820a6a88"
						name="exception-subflow" />
				</async>
			</on-error-continue>
		</error-handler>

	</flow>
</mule>
