<?xml version="1.0" encoding="UTF-8"?>

<mule xmlns:ibm-mq="http://www.mulesoft.org/schema/mule/ibm-mq"
	xmlns:ee="http://www.mulesoft.org/schema/mule/ee/core"
	xmlns="http://www.mulesoft.org/schema/mule/core"
	xmlns:doc="http://www.mulesoft.org/schema/mule/documentation"
	xmlns:xsi="http://www.w3.org/2001/XMLSchema-instance" xsi:schemaLocation="
http://www.mulesoft.org/schema/mule/ee/core http://www.mulesoft.org/schema/mule/ee/core/current/mule-ee.xsd http://www.mulesoft.org/schema/mule/core http://www.mulesoft.org/schema/mule/core/current/mule.xsd
http://www.mulesoft.org/schema/mule/ibm-mq http://www.mulesoft.org/schema/mule/ibm-mq/current/mule-ibm-mq.xsd">

	<flow name="validateContactFlow"
		doc:id="4a1b9517-bf09-4249-88c3-4d026d5b41c6">

		<logger level="INFO" doc:name="Start of Flow Logger"
			doc:id="a7d4d30c-e641-4b37-a9e6-aa96f054f0af"
			message="Entered Flow #[flow.name] for  transactionID :: #[vars.transactionId] " />
		<ee:transform doc:name="Transform Message" doc:id="66770646-1e47-44be-80df-fa6046b6a8b8" >
			<ee:message >
				<ee:set-payload ><![CDATA[%dw 2.0
output application/xml
ns ns0 http://www.experian.com/WebDelivery
---
{
	ns0#Request: {
		ns0#Products: {
			ns0#CustomSolution: {
				ns0#Subscriber: {
					ns0#Preamble: payload.NetConnectRequest.Request.Products.CustomSolution.Subscriber.Preamble,
					ns0#OpInitials: payload.NetConnectRequest.Request.Products.CustomSolution.Subscriber.OpInitials as Number,
					ns0#SubCode: payload.NetConnectRequest.Request.Products.CustomSolution.Subscriber.SubCode as Number
				},
				ns0#PrimaryApplicant: {
					ns0#Name: {
						ns0#Surname: payload.NetConnectRequest.Request.Products.CustomSolution.PrimaryApplicant.Name.Surname,
						ns0#First: payload.NetConnectRequest.Request.Products.CustomSolution.PrimaryApplicant.Name.First
					},
					ns0#SSN: payload.NetConnectRequest.Request.Products.CustomSolution.PrimaryApplicant.SSN as Number,
					ns0#CurrentAddress: {
						ns0#Street: payload.NetConnectRequest.Request.Products.CustomSolution.PrimaryApplicant.CurrentAddress.Street,
						ns0#City: payload.NetConnectRequest.Request.Products.CustomSolution.PrimaryApplicant.CurrentAddress.City,
						ns0#State: payload.NetConnectRequest.Request.Products.CustomSolution.PrimaryApplicant.CurrentAddress.State,
						ns0#Zip: payload.NetConnectRequest.Request.Products.CustomSolution.PrimaryApplicant.CurrentAddress.Zip as Number
					},
					ns0#PreviousAddress: {
						ns0#Street: payload.NetConnectRequest.Request.Products.CustomSolution.PrimaryApplicant.PreviousAddress.Street,
						ns0#City: payload.NetConnectRequest.Request.Products.CustomSolution.PrimaryApplicant.PreviousAddress.City,
						ns0#State: payload.NetConnectRequest.Request.Products.CustomSolution.PrimaryApplicant.PreviousAddress.State,
						ns0#Zip: payload.NetConnectRequest.Request.Products.CustomSolution.PrimaryApplicant.PreviousAddress.Zip
					}
				},
				ns0#AddOns: {
					ns0#CustomRRDashKeyword: payload.NetConnectRequest.Request.Products.CustomSolution.AddOns.CustomRRDashKeyword
				},
				ns0#OutputType: {
					ns0#ARF: {
						ns0#ARFVersion: payload.NetConnectRequest.Request.Products.CustomSolution.OutputType.ARF.ARFVersion as Number
					}
				},
				ns0#Vendor: {
					ns0#VendorNumber: payload.NetConnectRequest.Request.Products.CustomSolution.Vendor.VendorNumber
				},
				ns0#Options: {
					ns0#ReferenceNumber: payload.NetConnectRequest.Request.Products.CustomSolution.Options.ReferenceNumber as Number
				}
			}
		}
	}
}]]></ee:set-payload>
			</ee:message>
		</ee:transform>
		<flow-ref doc:name="loadBalancerProcess"
			doc:id="4d41f0a4-63e5-4098-b644-c06bc285c554"
			name="loadBalancerProcess" />
		<set-variable
			value="#[output application/java --- write(payload, 'application/xml')]"
			doc:name="pld" doc:id="fa49f093-d6dc-4eca-9027-733ced6a4bfc"
			variableName="pld" />
		<set-variable
			value="#[('${application.short.name}' ++ '::'++  'updateProfileEbo-impl' ++ '::Request') as String]"
			doc:name="processName" doc:id="d47e1aa9-2f0d-4ce0-9881-d2fee130aa14"
			variableName="processName" />
		<logger level="INFO" doc:name="Payload before Publish"
			doc:id="9aca517d-8e15-4da3-860d-815401a9aced"
			message="Payload before Publish:: #[payload] for transactionId :: #[vars.transactionId]" />
		<ibm-mq:publish-consume
			doc:name="Publish consume"
			doc:id="5aae3043-59bb-46db-950c-7ebf483a385a"
			config-ref="IBM_MQ_Config" destination="#[vars.EBORequestQ]"
			sendCorrelationId="ALWAYS">
			<ibm-mq:message>
				<ibm-mq:reply-to destination="#[vars.EBOResponseQ]" />
			</ibm-mq:message>
			<ibm-mq:consume-configuration
				maximumWait="30" maximumWaitUnit="SECONDS" />
		</ibm-mq:publish-consume>
		<ee:transform doc:name="Transform Message"
			doc:id="afdd95cd-4fb9-4f64-a923-34258aafa5ad">
			<ee:message>
				<ee:set-payload><![CDATA[%dw 2.0
output application/xml
---
read(payload, "application/xml")]]></ee:set-payload>
			</ee:message>
		</ee:transform>
		<set-variable
			value="#[output application/java --- write(payload, 'application/xml')]"
			doc:name="pld" doc:id="6fbde2d9-24a1-4dbf-a549-459e848c359e"
			variableName="pld" />
		<set-variable
			value="#[('${application.short.name}' ++ '::'++  'updateProfileEbo-impl' ++ '::Response') as String]"
			doc:name="processName" doc:id="ec71af96-d93e-4418-8f4a-9270e0365695"
			variableName="processName" />
		<choice doc:name="Choice"
			doc:id="1a32d265-d80d-4352-b5c1-922469698686">
			<when
				expression="#[payload.DA_REPLY.DA_REPLY_HDR.ERROR_INFO != null]">
				<logger level="INFO" doc:name="Logger"
					doc:id="207b1b47-8d2b-4253-bf33-219edb5997c2"
					message="EBO responded with error for transactionId :: #[vars.transactionId]" />
				<ee:transform doc:name="Transform Message"
					doc:id="05b55bf8-18aa-4f0a-b74a-24888e8a49ce">
					<ee:message>
						<ee:set-payload><![CDATA[%dw 2.0
output application/json skipNullOn="everywhere"
---
{
	daReplyHeader: {
		errorInfo: {
			cdeError: payload.DA_REPLY.DA_REPLY_HDR.ERROR_INFO.CDE_ERROR,
			cdeSeverity: payload.DA_REPLY.DA_REPLY_HDR.ERROR_INFO.CDE_SEVERITY,
			dcdErrorLong: payload.DA_REPLY.DA_REPLY_HDR.ERROR_INFO.DCD_ERROR_SHORT,
			dcdErrorShort: payload.DA_REPLY.DA_REPLY_HDR.ERROR_INFO.DCD_ERROR_LONG
		}
	}
}]]></ee:set-payload>
					</ee:message>
				</ee:transform>
			</when>
			<otherwise>
				<logger level="INFO" doc:name="Logger"
					doc:id="2857286b-d6a6-45d5-84d6-67274192bc52"
					message="EBO responded with success for transactionId :: #[vars.transactionId]" />
				<ee:transform doc:name="Transform Message"
					doc:id="bcdf43ea-a879-40c5-ab99-ca867f42b4d1">
					<ee:message>
						<ee:set-payload><![CDATA[%dw 2.0
output application/json skipNullOn="everywhere"
---
payload]]></ee:set-payload>
					</ee:message>
				</ee:transform>
			</otherwise>
		</choice>
		<logger level="INFO" doc:name="End Flow Logger"
			doc:id="1c95dc1f-f099-45fe-bd76-4b90513ab5fc"
			message="Completed flow #[flow.name] for transactionId :: #[vars.transactionId]" />
		<error-handler>
			<on-error-continue enableNotifications="true"
				logException="true"
				doc:name="On Error Continue - SERVICE UNAVAILABLE"
				doc:id="965df2ae-916d-4a25-b69f-f1013036ee9a"
				type="HTTP:CONNECTIVITY, HTTP:METHOD_NOT_ALLOWED">
				<set-payload
					value="#[{
    errMsg: 'SERVICE DOWN...TRY LATER.  Error processed by recurringRollment-impl flow Error Handler &amp;gt; On HTTP CONNECTIVITY Error Continue scope',
    errDesc: error.description, 
    errType: error.errorType.namespace as String default 'NO-NS' ++ ':' ++ error.errorType.identifier as String default 'NO-ID'
}]"
					doc:name="Set Payload"
					doc:id="2ab8ff04-121b-41b4-a771-5fe9e7105076" />
				<logger level="INFO" doc:name="Logger"
					doc:id="ad790642-f555-4cc2-8eaa-f5764f5225d0"
					message="On Error Continue - SERVICE UNAVAILABLE :: #[payload] for transactionId :: #[vars.transactionId]" />
				<set-variable value="503" doc:name="httpStatus = 503"
					doc:id="4f0be2f3-e687-4800-82ba-1a76f42d9d1f"
					variableName="httpStatus" />
				<ee:transform doc:name="Transform Message"
					doc:id="47879135-6509-4027-a0cc-d77130de6d62">
					<ee:message>
						<ee:set-payload><![CDATA[%dw 2.0
output application/json
---
payload]]></ee:set-payload>
					</ee:message>
					<ee:variables>
						<ee:set-variable variableName="processName"><![CDATA[%dw 2.0
output application/java
---
('${application.short.name}' ++ '::'++  'updateProfileEbo-impl::HTTP:CONNECTIVITY, HTTP:METHOD_NOT_ALLOWED::Continue error' ++ '::Error') as String]]></ee:set-variable>
						<ee:set-variable variableName="applicationName"><![CDATA[%dw 2.0
output application/java
---
'${application.name}']]></ee:set-variable>
						<ee:set-variable variableName="eventSeverity"><![CDATA[%dw 2.0
output application/java
---
'ERROR']]></ee:set-variable>
						<ee:set-variable variableName="excepCode"><![CDATA[%dw 2.0
output application/java
---
error.errorType.namespace as String default 'NO-NS' ++ ':' ++ error.errorType.identifier as String default 'NO-ID'
	
]]></ee:set-variable>
						<ee:set-variable variableName="excepDesc"><![CDATA[%dw 2.0
output application/java
---
error.description]]></ee:set-variable>
						<ee:set-variable variableName="pld"><![CDATA[%dw 2.0
output application/json
---
payload]]></ee:set-variable>
						<ee:set-variable variableName="isNotify"><![CDATA[%dw 2.0
output application/java
---
'${application.isnotify}']]></ee:set-variable>
					</ee:variables>
				</ee:transform>
				<async doc:name="Async"
					doc:id="5d47d8a3-fedc-4e31-a7fa-42d62be1b588">
					<flow-ref doc:name="exception-subflow"
						doc:id="36645d1b-66be-4d24-9625-65fe20cf4531"
						name="exception-subflow" />
				</async>
			</on-error-continue>
			<on-error-continue enableNotifications="true"
				logException="true" doc:name="On Error Continue - ALL OTHER ERROR"
				doc:id="d6793202-da7a-415e-a4de-29c284bb631b">
				<set-payload
					value="#[{
    errMsg: 'Error processed by recurringRollment-impl flow Error Handler &gt; On ALL OTHER Error Continue scope',
    errDesc: error.description, 
    errType: error.errorType.namespace as String default 'NO-NS' ++ ':' ++ error.errorType.identifier as String default 'NO-ID'
}]"
					doc:name="Set Payload"
					doc:id="e1d50e94-23e4-43ae-bfa7-bc6a476641ea" />
				<logger level="INFO" doc:name="Logger"
					doc:id="11f1e0c0-ee7d-4f1f-81fb-26bc1cd13e04"
					message="On Error Continue - ALL OTHER ERROR :: #[payload] for transactionId :: #[vars.transactionId]" />
				<set-variable value="418" doc:name="httpStatus = 418"
					doc:id="435de97b-fdf3-4446-b162-23c171334b7d"
					variableName="httpStatus" />
				<ee:transform doc:name="Transform Message"
					doc:id="511d3c1e-b68d-4fb5-88cd-f60bed92a219">
					<ee:message>
						<ee:set-payload><![CDATA[%dw 2.0
output application/json
---
payload]]></ee:set-payload>
					</ee:message>
					<ee:variables>
						<ee:set-variable variableName="processName"><![CDATA[%dw 2.0
output application/java
---
('${application.short.name}' ++ '::'++  'updateProfileEbo-impl::On Error Continue - ALL OTHER ERROR::Continue error' ++ '::Error') as String]]></ee:set-variable>
						<ee:set-variable variableName="applicationName"><![CDATA[%dw 2.0
output application/java
---
'${application.name}']]></ee:set-variable>
						<ee:set-variable variableName="eventSeverity"><![CDATA[%dw 2.0
output application/java
---
'ERROR']]></ee:set-variable>
						<ee:set-variable variableName="excepCode"><![CDATA[%dw 2.0
output application/java
---
error.errorType.namespace as String default 'NO-NS' ++ ':' ++ error.errorType.identifier as String default 'NO-ID'
	
]]></ee:set-variable>
						<ee:set-variable variableName="excepDesc"><![CDATA[%dw 2.0
output application/java
---
error.description]]></ee:set-variable>
						<ee:set-variable variableName="pld"><![CDATA[%dw 2.0
output application/json
---
payload]]></ee:set-variable>
						<ee:set-variable variableName="isNotify"><![CDATA[%dw 2.0
output application/java
---
'${application.isnotify}']]></ee:set-variable>
					</ee:variables>
				</ee:transform>
				<async doc:name="Async"
					doc:id="5075ac03-8281-49d4-98c9-fe4ccad3e0e7">
					<flow-ref doc:name="exception-subflow"
						doc:id="7e006be5-8506-4c6e-8ab6-83f7820a6a88"
						name="exception-subflow" />
				</async>
			</on-error-continue>
		</error-handler>

	</flow>
</mule>
