<?xml version="1.0" encoding="UTF-8"?>
<mule xmlns:doc="http://www.mulesoft.org/schema/mule/documentation" xmlns="http://www.mulesoft.org/schema/mule/core" xmlns:apikit="http://www.mulesoft.org/schema/mule/mule-apikit" xmlns:http="http://www.mulesoft.org/schema/mule/http" xmlns:xsi="http://www.w3.org/2001/XMLSchema-instance" xsi:schemaLocation="http://www.mulesoft.org/schema/mule/core http://www.mulesoft.org/schema/mule/core/current/mule.xsd http://www.mulesoft.org/schema/mule/http http://www.mulesoft.org/schema/mule/http/current/mule-http.xsd http://www.mulesoft.org/schema/mule/mule-apikit http://www.mulesoft.org/schema/mule/mule-apikit/current/mule-apikit.xsd ">
    <http:listener-config name="experian-system-api-httpListenerConfig">
        <http:listener-connection host="0.0.0.0" port="8081" />
    </http:listener-config>
    <apikit:config name="experian-system-api-config" api="experian-system-api.raml" outboundHeadersMapName="outboundHeaders" httpStatusVarName="httpStatus" />
    <flow name="experian-system-api-main">
        <http:listener config-ref="experian-system-api-httpListenerConfig" path="/api/*">
            <http:response statusCode="#[vars.httpStatus default 200]">
                <http:headers>#[vars.outboundHeaders default {}]</http:headers>
            </http:response>
            <http:error-response statusCode="#[vars.httpStatus default 500]">
                <http:body>#[payload]</http:body>
                <http:headers>#[vars.outboundHeaders default {}]</http:headers>
            </http:error-response>
        </http:listener>
        <apikit:router config-ref="experian-system-api-config" />
        <error-handler>
            <on-error-propagate type="APIKIT:BAD_REQUEST">
                <ee:transform xmlns:ee="http://www.mulesoft.org/schema/mule/ee/core" xsi:schemaLocation="http://www.mulesoft.org/schema/mule/ee/core http://www.mulesoft.org/schema/mule/ee/core/current/mule-ee.xsd">
                    <ee:message>
                        <ee:set-payload><![CDATA[%dw 2.0
output application/json
---
{message: "Bad request"}]]></ee:set-payload>
                    </ee:message>
                    <ee:variables>
                        <ee:set-variable variableName="httpStatus">400</ee:set-variable>
                    </ee:variables>
                </ee:transform>
            </on-error-propagate>
            <on-error-propagate type="APIKIT:NOT_FOUND">
                <ee:transform xmlns:ee="http://www.mulesoft.org/schema/mule/ee/core" xsi:schemaLocation="http://www.mulesoft.org/schema/mule/ee/core http://www.mulesoft.org/schema/mule/ee/core/current/mule-ee.xsd">
                    <ee:message>
                        <ee:set-payload><![CDATA[%dw 2.0
output application/json
---
{message: "Resource not found"}]]></ee:set-payload>
                    </ee:message>
                    <ee:variables>
                        <ee:set-variable variableName="httpStatus">404</ee:set-variable>
                    </ee:variables>
                </ee:transform>
            </on-error-propagate>
            <on-error-propagate type="APIKIT:METHOD_NOT_ALLOWED">
                <ee:transform xmlns:ee="http://www.mulesoft.org/schema/mule/ee/core" xsi:schemaLocation="http://www.mulesoft.org/schema/mule/ee/core http://www.mulesoft.org/schema/mule/ee/core/current/mule-ee.xsd">
                    <ee:message>
                        <ee:set-payload><![CDATA[%dw 2.0
output application/json
---
{message: "Method not allowed"}]]></ee:set-payload>
                    </ee:message>
                    <ee:variables>
                        <ee:set-variable variableName="httpStatus">405</ee:set-variable>
                    </ee:variables>
                </ee:transform>
            </on-error-propagate>
            <on-error-propagate type="APIKIT:NOT_ACCEPTABLE">
                <ee:transform xmlns:ee="http://www.mulesoft.org/schema/mule/ee/core" xsi:schemaLocation="http://www.mulesoft.org/schema/mule/ee/core http://www.mulesoft.org/schema/mule/ee/core/current/mule-ee.xsd">
                    <ee:message>
                        <ee:set-payload><![CDATA[%dw 2.0
output application/json
---
{message: "Not acceptable"}]]></ee:set-payload>
                    </ee:message>
                    <ee:variables>
                        <ee:set-variable variableName="httpStatus">406</ee:set-variable>
                    </ee:variables>
                </ee:transform>
            </on-error-propagate>
            <on-error-propagate type="APIKIT:UNSUPPORTED_MEDIA_TYPE">
                <ee:transform xmlns:ee="http://www.mulesoft.org/schema/mule/ee/core" xsi:schemaLocation="http://www.mulesoft.org/schema/mule/ee/core http://www.mulesoft.org/schema/mule/ee/core/current/mule-ee.xsd">
                    <ee:message>
                        <ee:set-payload><![CDATA[%dw 2.0
output application/json
---
{message: "Unsupported media type"}]]></ee:set-payload>
                    </ee:message>
                    <ee:variables>
                        <ee:set-variable variableName="httpStatus">415</ee:set-variable>
                    </ee:variables>
                </ee:transform>
            </on-error-propagate>
            <on-error-propagate type="APIKIT:NOT_IMPLEMENTED">
                <ee:transform xmlns:ee="http://www.mulesoft.org/schema/mule/ee/core" xsi:schemaLocation="http://www.mulesoft.org/schema/mule/ee/core http://www.mulesoft.org/schema/mule/ee/core/current/mule-ee.xsd">
                    <ee:message>
                        <ee:set-payload><![CDATA[%dw 2.0
output application/json
---
{message: "Not Implemented"}]]></ee:set-payload>
                    </ee:message>
                    <ee:variables>
                        <ee:set-variable variableName="httpStatus">501</ee:set-variable>
                    </ee:variables>
                </ee:transform>
            </on-error-propagate>
        </error-handler>
    </flow>
    <flow name="experian-system-api-console">
        <http:listener config-ref="experian-system-api-httpListenerConfig" path="/console/*">
            <http:response statusCode="#[vars.httpStatus default 200]">
                <http:headers>#[vars.outboundHeaders default {}]</http:headers>
            </http:response>
            <http:error-response statusCode="#[vars.httpStatus default 500]">
                <http:body>#[payload]</http:body>
                <http:headers>#[vars.outboundHeaders default {}]</http:headers>
            </http:error-response>
        </http:listener>
        <apikit:console config-ref="experian-system-api-config" />
        <error-handler>
            <on-error-propagate type="APIKIT:NOT_FOUND">
                <ee:transform xmlns:ee="http://www.mulesoft.org/schema/mule/ee/core" xsi:schemaLocation="http://www.mulesoft.org/schema/mule/ee/core http://www.mulesoft.org/schema/mule/ee/core/current/mule-ee.xsd">
                    <ee:message>
                        <ee:set-payload><![CDATA[%dw 2.0
output application/json
---
{message: "Resource not found"}]]></ee:set-payload>
                    </ee:message>
                    <ee:variables>
                        <ee:set-variable variableName="httpStatus">404</ee:set-variable>
                    </ee:variables>
                </ee:transform>
            </on-error-propagate>
        </error-handler>
    </flow>
    <flow name="post:\validateContact:application\json:experian-system-api-config">
        <set-variable value="#[attributes.headers.transactionID default uuid()]" doc:name="transactionID" doc:id="98ce3f90-a168-4a0e-b7e0-20adc0946d22" variableName="transactionID" />
        <set-variable value="#[payload]" doc:name="originalPayload" doc:id="bd76a90e-5289-43f3-a240-21a7dc560e0a" variableName="originalPayload" />
        <logger level="INFO" doc:name="Start of Flow Logger" doc:id="28b0b69b-6a64-4c3e-b0fc-b06207558a42" message="Entered flow #[flow.name] for transactionId :: #[vars.transactionId]" />
        <flow-ref doc:name="setCommonServiceVars" doc:id="49326302-bfa3-45cd-bc0d-598413f1ff40" name="setCommonServiceVars" />
        <set-variable value="#[payload.daData.idAcct]" doc:name="businessKey" doc:id="2ceb729d-2e7f-430e-b5f0-f3abd9001c06" variableName="businessKey" />
        <set-variable value="#[('${application.short.name}' ++ '::'++  'put:\account\billing\address:application\json:customerbillingsystem-config' ++ '::Request') as String]" doc:name="processName" doc:id="d453d1e2-dccb-4557-8334-4a3c60a08599" variableName="processName" />
        <set-variable value="#[write(payload, &quot;application/json&quot;, {&quot;encoding&quot;: &quot;UTF-8&quot;}) as String]" doc:name="pld" doc:id="3db5d90d-734a-460b-8f7d-18d7b5e2d455" variableName="pld" />
        <flow-ref doc:name="validateContact" doc:id="d79d8b36-413f-4f9e-9f2c-96932f616219" name="validateContactFlow" />
        <set-variable value="#[write(payload, &quot;application/json&quot;, {&quot;encoding&quot;: &quot;UTF-8&quot;}) as String]" doc:name="pld" doc:id="82539c73-4c34-4b9f-b599-eade4e73d027" variableName="pld" />
        <set-variable value="#[('${application.short.name}' ++ '::'++  'put:\account\billing\address:application\json:customerbillingsystem-config' ++ '::Response') as String]" doc:name="processName" doc:id="3c340b7e-87fe-4d90-8836-636d69d8bb85" variableName="processName" />
        <logger level="INFO" doc:name="End Flow Logger" doc:id="10650c10-7b54-4980-9740-17d75a8a6a3d" message="Completed flow #[flow.name] for transactionId :: #[vars.transactionId]" />
    </flow>
    
    <sub-flow name="setCommonServiceVars" doc:id="d52f24b0-55db-48a5-a886-dad18bdd821d">
        <set-variable value="#[vars.transactionId]" doc:name="GUID" doc:id="b996e535-0854-4416-8b25-04de94336eae" variableName="GUID" />
        <set-variable value="${application.name}" doc:name="applicationName" doc:id="46b9e2c2-a18b-477c-b52f-6465bdd45cbd" variableName="applicationName" />
        <set-variable value="${application.notification.email}" doc:name="Notification EMail" doc:id="3b68b12d-1709-420a-98ea-da9dd6fa0b06" variableName="email" />
        <set-variable value="${application.notification.snooze.interval}" doc:name="Snooze Interval" doc:id="1877a5ac-e48a-44eb-a442-8dfb4a7d4eaf" variableName="snoozeInterval" />
        <set-variable value="#[server.host]" doc:name="serverName" doc:id="e5b457a7-1e80-4c97-9a80-d55c26402fda" variableName="serverName" />
    </sub-flow>
	<sub-flow name="exception-subflow" doc:id="38c371b6-2eb4-4ff3-8814-cd694265a57f" />
</mule>
