{"NetConnectRequest":{
   "EAI": "S2GWLUHH",
   "DBHost": "CIS",
   "ReferenceId": "ACC3002106700378702726526104650875101121219JONATHON RUBIN",
   "Request": {
      "NetConnectRequestversion": "1.0",
      "Products": {
         "CustomSolution": {
            "Subscriber": {
               "Preamble": "TBD3",
               "OpInitials": "00",
               "SubCode": "2907064"
            },
            "PrimaryApplicant": {
               "Name": {
                  "Surname": "RUBIN",
                  "First": "JONATHON"
               },
               "SSN": "012345678",
               "CurrentAddress": {
                  "Street": "273 N PINE ST",
                  "City": "N MASSAPQUA",
                  "State":"NY",
                  "Zip": "11758"
               },
               "PreviousAddress": {
                  "Street": "273 N PINE ST",
                  "City": "N MASSAPQUA",
                  "State": "NY",
                  "Zip": "11758"
               }
            },
            "AddOns": {
               "CustomRRDashKeyword": "PSEGLI"
            },
            "OutputType": {
               "ARF": {
                  "ARFVersion": "06"
               }
            },
            "Vendor": {
               "VendorNumber": "U41"
            },
            "Options": {
               "ReferenceNumber": "4650875101"
            }
         }
      }
	}
  }
}