<?xml version="1.0" encoding="UTF-8"?>
<NetConnectRequest xmlns="http://www.experian.com/NetConnect">
   <EAI>S2GWLUHH</EAI>
   <DBHost>CIS</DBHost>
   <ReferenceId>ACC3001780100382133194387208040375446020821STEVENS PRESERVE LLC</ReferenceId>
   <Request xmlns="http://www.experian.com/WebDelivery" version="1.0">
      <Products>
         <CustomSolution>
            <Subscriber>
               <Preamble>TBD3</Preamble>
               <OpInitials>00</OpInitials>
               <SubCode>2907064</SubCode>
            </Subscriber>
            <PrimaryApplicant>
               <Name>
                  <Surname>LLC</Surname>
                  <First>STEVENS PRESERVE</First>
               </Name>
               <SSN>811708054</SSN>
               <CurrentAddress>
                  <Street>2063 UNION BLVD APT 1E</Street>
                  <City>BAY SHORE</City>
                  <State>NY</State>
                  <Zip>11706</Zip>
               </CurrentAddress>
               <PreviousAddress>
                  <Street />
                  <City />
                  <State />
                  <Zip />
               </PreviousAddress>
            </PrimaryApplicant>
            <AddOns>
               <CustomRRDashKeyword>PSEGLI</CustomRRDashKeyword>
            </AddOns>
            <OutputType>
               <ARF>
                  <ARFVersion>06</ARFVersion>
               </ARF>
            </OutputType>
            <Vendor>
               <VendorNumber>U41</VendorNumber>
            </Vendor>
            <Options>
               <ReferenceNumber>8040375446</ReferenceNumber>
            </Options>
         </CustomSolution>
      </Products>
   </Request>
</NetConnectRequest>