<?xml version='1.0' encoding='UTF-8'?>
<types:mule xmlns:types="http://www.mulesoft.org/schema/mule/types">
  <types:catalog>
    <types:type name="sys-experianReqFFD" format="java">
      <types:shape format="raml"><![CDATA[#%RAML 1.0 DataType
type: string]]></types:shape>
    </types:type>
    <types:type name="netConnectReqInput" format="xml">
      <types:example format="xml" element="{http://www.experian.com/WebDelivery}Request" location="metadata/netConnectReq.xml"/>
    </types:type>
  </types:catalog>
  <types:enrichment select="#66770646-1e47-44be-80df-fa6046b6a8b8">
    <types:processor-declaration>
      <types:input-event>
        <types:message>
          <types:payload type="netConnectReqInput"/>
        </types:message>
      </types:input-event>
    </types:processor-declaration>
  </types:enrichment>
</types:mule>